URL,Is there a notice,Actual_choice_cascade,Actual_no_choice,Actual_no_antonyms,Actual_no_pre_check,Actual_widget_inequality,Google,only_allow_for_dec,False_positives,Useful tipbits
https://twitter.com/,1,0,0,0,0,0,0,0,0,
https://google.com/,1,1,0,1,0,0,1,0,0,
https://youtube.com/,1,0,0,1,0,0,1,0,0,
https://instagram.com/,1,0,1,1,0,0,0,1,0,
https://linkedin.com/,1,0,1,1,0,0,0,0,0,
https://ajax.googleapis.com/,0,0,0,0,0,0,0,0,1,
https://maps.google.com/,1,1,0,1,0,0,1,0,0,
https://youtu.be/,1,1,0,1,0,0,1,0,0,
https://goo.gl/,1,1,0,0,0,0,1,0,0,
https://m.facebook.com/,1,0,0,1,0,0,0,1,0,
https://nytimes.com/,1,0,0,0,0,0,0,0,0,
https://vk.com/,1,0,1,1,0,0,0,0,0,
https://ec.europa.eu/,1,0,0,1,0,0,0,1,0,
https://reddit.com/,1,0,0,0,0,0,0,0,0,
https://google-analytics.com/,1,0,1,1,0,0,1,0,0,
https://soundcloud.com/,1,1,0,1,0,0,0,0,0,
https://secure.gravatar.com/,1,0,1,1,0,0,0,0,0,
https://medium.com/,0,0,0,0,0,0,0,0,1,
https://bbc.co.uk/,1,0,0,0,1,0,0,0,0,
https://wp.me/,1,0,1,1,1,0,0,0,0,
https://ads.google.com/,1,0,1,1,0,0,1,0,0,
https://microsoft.com/,1,0,0,0,0,0,0,0,0,
https://chrome.google.com/,1,0,1,1,0,0,1,0,0,
https://google.co.uk/,1,1,0,1,0,0,1,0,0,
https://yelp.com/,1,1,0,1,0,0,0,0,0,
https://evernote.com/,1,0,1,1,0,0,0,0,0,
https://open.spotify.com/,1,1,0,1,1,0,0,0,0,
https://wordpress.com/,1,0,1,1,1,0,0,0,0,
https://blog.google/,1,0,1,1,1,0,1,0,0,
https://google.co.jp/,1,1,0,1,0,0,1,0,0,
https://translate.google.com/,1,1,0,1,0,0,1,0,0,
https://support.microsoft.com/,1,0,0,0,0,0,0,0,0,
https://twitch.tv/,1,1,0,1,0,0,0,0,0,
https://issuu.com,1,0,0,1,0,0,0,1,0,
https://europa.eu/,1,0,0,1,0,0,0,1,0,
https://tools.google.com/,1,0,1,1,1,0,1,0,0,
https://washingtonpost.com/,1,0,1,1,0,0,0,0,0,
https://m.youtube.com/,1,1,0,1,0,0,1,0,0,
https://thinkwithgoogle.com/,1,0,1,1,0,0,1,0,0,
https://adwords.google.com/,1,0,1,1,0,0,1,0,0,
https://theverge.com/,1,0,1,1,0,0,0,0,0,
https://opera.com/,1,1,0,1,0,0,1,0,0,
https://techcrunch.com/,1,1,0,1,1,0,0,0,0,
https://googleads.g.doubleclick.net/,1,0,1,1,0,0,1,0,0,
https://gofundme.com/,1,1,0,1,0,0,0,0,0,
https://ad.doubleclick.net/,1,0,1,1,0,0,1,0,0,
https://bbc.com/,1,0,0,0,1,0,0,0,0,
https://gitlab.com/,1,1,0,1,0,0,0,0,0,
https://cdc.gov/,0,0,0,0,0,0,0,0,1,gov site
https://google.de/,1,1,0,1,0,0,1,0,0,
https://yahoo.com/,1,0,1,1,0,0,0,0,0,
https://cnn.com/,1,1,0,1,1,0,0,0,0,
https://change.org/,0,0,0,0,0,0,0,0,1,
https://mediafire.com/,1,1,0,1,0,0,0,0,0,
https://store.steampowered.com/,1,0,0,0,0,0,0,0,1,Not there on screenshot
https://gov.uk/,1,0,0,0,0,0,0,0,0,
https://behance.net/,1,0,0,0,0,0,0,0,1,
https://eur-lex.europa.eu/,1,0,0,0,0,0,0,0,0,
https://snapchat.com/,1,0,0,0,1,0,0,0,0,
https://ebay.com/,1,0,0,0,0,0,0,0,0,
https://amazon.co.uk/,1,1,0,0,0,0,0,0,0,
https://dailymotion.com/,1,1,0,0,0,0,0,0,0,
https://discord.gg/,1,1,0,1,0,0,0,0,0,
https://marketingplatform.google.com/,1,0,1,1,0,0,1,0,0,
https://www.statista.com/,1,1,0,1,0,0,0,0,0,
https://stackoverflow.com/,1,1,0,1,1,0,0,0,0,
https://cse.google.com,1,0,1,1,0,0,1,0,0,
https://ted.com/,1,1,0,1,0,0,0,0,0,
https://surveymonkey.com/,1,0,0,0,0,0,0,0,0,
https://trello.com/,1,1,0,1,0,0,0,0,0,
https://shutterstock.com,1,0,0,0,0,0,0,0,0,
https://shopify.com/,1,0,1,1,0,0,0,0,0,
https://europarl.europa.eu/,1,0,0,0,0,0,0,0,0,
https://steamcommunity.com/,1,0,0,0,0,0,0,0,0,
https://reuters.com/,1,1,0,1,0,0,0,0,0,
https://mailchimp.com/,1,0,0,0,0,1,0,0,0,
https://cbsnews.com/,1,0,0,0,0,0,0,0,0,
https://usatoday.com/,1,1,0,1,0,0,0,0,0,
https://qz.com/,1,0,0,0,0,0,0,0,0,
https://dailymail.co.uk/,0,0,0,0,0,0,0,0,1,
https://wsj.com/,1,1,0,1,0,0,0,0,0,
https://nypost.com/,1,1,0,1,0,0,0,0,0,
https://vice.com/,1,1,0,0,0,0,0,0,0,
https://mobile.twitter.com/,1,0,0,0,0,0,0,0,0,
https://stats.wp.com/,1,0,1,1,1,0,0,0,0,
https://weforum.org/,1,0,0,0,0,0,0,0,0,
https://google.com.au/,1,1,0,1,0,0,1,0,0,
https://epa.gov/,0,0,0,0,0,0,0,0,1,
https://gravatar.com/,1,0,1,1,0,0,0,0,0,
https://windows.microsoft.com/,1,0,0,0,0,0,0,0,0,
https://fastcompany.com/,0,0,0,0,0,0,0,0,1,
https://nature.com/,1,1,0,0,0,0,0,0,0,
https://services.google.com/,1,1,0,1,0,0,1,0,0,
https://google.nl/,1,1,0,1,0,0,1,0,0,
https://amazon.de/,1,1,0,1,0,0,0,0,0,German
https://video.google.com/,1,1,0,1,0,0,1,0,0,
https://google.es/,1,1,0,1,0,0,1,0,0,
https://google.org/,1,1,0,1,0,0,1,0,0,
https://wikihow.com,1,1,0,1,0,0,0,0,0,
https://search.google.com,1,1,0,1,0,0,1,0,0,
https://mailchi.mp,1,0,0,0,0,1,0,0,0,
101,94,41,24,65,12,2,29,5,9,
urls,Notices,Choice_cascade,No_choice,No_anton,No_pre_checked,Widget_ine,Google,Only allow,False positives,
https://last.fm/,1,0,0,0,0,0,0,0,0,
https://docs.microsoft.com/,1,0,0,0,0,0,0,0,0,
https://marketwatch.com/,1,1,0,1,0,0,0,0,0,
https://gnu.org/,0,0,0,0,0,0,0,0,1,
https://entrepreneur.com/,1,1,0,1,0,0,0,1,0,Do not consent
https://google.it/,1,1,0,1,0,0,1,0,0,
https://slack.com/,1,0,0,0,0,0,0,0,0,
https://prnewswire.com/,1,1,0,1,0,0,0,0,0,
https://deviantart.com/,1,0,1,1,0,0,0,0,0,
https://zdnet.com/,1,0,0,0,0,0,0,0,0,
https://automattic.com/,1,1,0,1,0,0,0,0,0,
https://msdn.microsoft.com/,1,0,0,0,0,0,0,0,0,
https://blog.hubspot.com/,1,0,0,1,0,1,0,0,0,
https://abcnews.go.com/,0,0,0,0,0,0,0,0,1,
https://tandfonline.com/,1,1,0,1,0,0,0,0,0,
https://google.ca/,1,1,0,1,0,0,1,0,0,
https://whc.unesco.org/,0,0,0,0,0,0,0,0,1,
https://www.foxnews.com/,0,0,0,0,0,0,0,0,1,Pop ut that says you agree to privacy policiy
https://searchenginejournal.com/,1,1,0,1,0,0,0,0,0,
https://stripe.com/,1,1,0,1,0,0,0,0,0,
https://cnet.com/,1,0,0,0,0,0,0,0,0,
https://discogs.com/,1,0,1,1,0,0,0,0,0,CAPTCHA test on settings
https://google.co.in,1,1,0,1,0,0,1,0,0,
https://netflix.com/,1,0,0,0,1,0,0,0,0,
https://skype.com/,1,0,0,0,0,0,0,0,0,
https://s0.wp.com/,1,0,1,1,1,0,0,0,0,
https://getpocket.com/,1,1,0,0,0,0,0,0,0,
https://technologyreview.com/,1,0,1,1,0,0,0,0,0,
https://hubspot.com/,1,0,0,1,0,1,0,0,0,
https://ft.com/,1,1,0,1,0,0,0,0,0,
https://economist.com/,1,1,0,1,0,0,0,0,0,Apply and exit
https://finance.yahoo.com/,1,0,1,1,0,0,0,0,0,
https://hbr.org/,1,1,0,1,0,0,0,0,0,
https://vox.com/,1,0,1,1,0,0,0,0,0,
https://addthis.com/,1,1,0,1,1,0,0,0,0,
https://businesswire.com/,1,1,0,1,1,0,0,0,0,
https://nielsen.com/,1,1,0,1,1,0,0,0,0,
https://0.gravatar.com/,1,0,1,1,0,0,0,0,0,
https://squareup.com/,1,1,0,1,0,0,0,0,0,
https://google.fr/,1,1,0,1,0,0,1,0,0,
https://google.pl/,1,1,0,1,0,0,1,0,0,
https://theglobeandmail.com/,0,0,0,0,0,0,0,0,1,
https://wto.org/,0,0,0,0,0,0,0,0,1,
https://google.ch/,1,1,0,1,0,0,1,0,0,
https://amazon.fr/,1,0,1,1,1,0,0,0,0,French
https://money.cnn.com/,1,1,0,1,0,0,0,0,0,
https://uber.com/,1,0,0,0,0,0,0,0,0,
https://samsung.com/,1,1,0,1,0,0,0,0,0,
https://aol.com/,1,1,0,1,1,0,0,0,0,
https://youtube.googleblog.com,1,0,1,1,0,0,1,0,0,
https://uk.linkedin.com/,1,0,1,1,0,0,0,0,0,
https://zoho.com/,1,0,1,1,0,0,0,0,0,
https://1.gravatar.com/,1,0,1,1,0,0,0,0,0,
https://oreilly.com/,1,1,0,1,0,0,0,0,0,
https://engadget.com/,1,1,0,1,1,0,0,0,0,
https://nbcnews.com/,1,0,1,0,0,0,0,0,0,
https://siemens.com/,1,0,0,0,0,1,0,0,0,
https://edition.cnn.com/,1,1,0,1,1,0,0,0,0,
https://nationalgeographic.com/,1,0,1,1,0,0,0,0,0,
https://wired.co.uk/,1,0,1,1,0,0,0,0,0,
https://support.office.com/,1,0,0,0,0,0,0,0,0,
https://sas.com/,1,1,0,1,1,0,0,0,0,Advanced slider
https://prweb.com/,1,1,0,1,0,0,0,0,0,
https://zendesk.com/,1,0,0,0,0,0,0,0,0,
https://arvr.google.com/,1,0,1,1,0,0,1,0,0,
https://trends.google.com/,1,0,1,1,0,0,1,0,0,
https://weather.com/,1,0,1,1,1,0,0,0,0,
https://news.yahoo.com,1,0,1,1,0,0,0,0,0,
https://nordvpn.com/,1,0,1,1,0,0,0,0,0,
https://touch.facebook.com/,1,0,0,1,0,0,0,1,0,
https://azure.microsoft.com/,1,0,0,0,0,0,0,0,0,
https://iso.org/,1,1,0,1,0,0,0,0,0,
https://news.cnet.com/,1,0,0,0,0,0,0,0,0,
https://blogs.adobe.com/,0,0,0,0,0,0,0,0,1,
https://adweek.com/,1,0,0,0,0,0,0,0,0,
https://readwrite.com/,1,1,0,1,1,0,0,0,0,
https://nymag.com/,0,0,0,0,0,0,0,0,1,
https://nike.com/,1,1,0,1,0,0,0,0,0,Done as decline
https://houzz.com/,1,0,1,1,0,0,0,0,0,
https://analog.com/,1,0,1,1,0,0,0,0,0,
https://roadtrippers.com/,1,1,0,1,0,0,0,0,0,
https://sketchfab.com/,1,0,0,0,0,0,0,0,0,
https://webcache.googleusercontent.com/,1,1,0,1,0,0,1,0,0,
https://lonelyplanet.com/,1,1,0,1,0,0,0,0,0,
https://digitaltrends.com/,1,0,0,0,0,0,0,0,0,
https://irishtimes.com/,1,1,0,1,0,0,0,0,0,
https://ftc.gov/,0,0,0,0,0,0,0,0,1,Agreement button link and policy link
https://glassdoor.com/,1,1,0,1,0,0,0,0,0,
https://googleblog.blogspot.com/,1,0,1,1,0,0,1,0,0,
https://donationalerts.com/,1,0,1,1,0,0,0,0,0,
https://scientificamerican.com/,1,0,0,0,0,1,0,0,0,
https://thetimes.co.uk/,1,1,0,1,0,0,0,0,0,
https://beatport.com/,1,0,0,1,0,0,0,1,0,
https://newsinitiative.withgoogle.com/,1,0,1,1,0,0,1,0,0,
https://namecheap.com/,1,0,0,0,1,0,0,0,0,
https://news.google.com/,1,1,0,1,0,0,1,0,0,
https://justice.gov/,0,0,0,0,0,0,0,0,1,Another us gov site
https://lockergnome.com/,1,0,0,0,0,0,0,0,0,
https://whatsapp.com/,1,0,1,1,1,0,0,0,0,
https://yandex.ru/,1,0,1,1,1,0,0,0,0,in russian
https://aliexpress.com/,0,0,0,0,0,0,0,0,1,
https://google.ru/,1,1,0,1,0,0,1,0,0,
https://amazon.es/,1,0,1,1,1,0,0,0,0,Blocked settings
https://nl.linkedin.com/,1,0,1,1,0,0,0,0,0,Dutch
https://semrush.com/,1,1,0,0,0,0,0,0,0,
https://blog.twitter.com/,1,1,0,1,0,0,0,0,0,
https://pewresearch.org/,0,0,0,0,0,0,0,0,1,Gov site
https://prezi.com/,1,0,0,0,0,0,0,0,0,
https://irs.gov/,0,0,0,0,0,0,0,0,1,Gov site with survey pop up
https://gartner.com/,1,1,0,1,0,0,0,0,0,Uses Select as deny
https://ok.ru/,1,0,0,0,0,0,0,0,0,russian
https://motherboard.vice.com/,1,1,0,0,0,0,0,0,0,
https://safety.google/,1,0,1,1,0,0,1,0,0,
https://apnews.com/,1,1,0,1,0,0,0,0,0,
https://it.linkedin.com/,1,0,1,1,0,0,0,0,0,italian
https://google.co.za/,1,1,0,1,0,0,1,0,0,
https://pt-br.facebook.com/,1,0,0,0,0,0,0,1,0,
https://gog.com/,1,0,1,1,1,0,0,0,0,
https://images.google.com/,1,1,0,1,0,0,1,0,0,
https://technorati.com/,0,0,0,0,0,0,0,0,1,"unknown, suspect banner"
https://in.linkedin.com/,1,0,1,1,0,0,0,0,0,dutch
https://podcasts.google.com/,0,0,0,0,0,0,1,0,1,
https://news.bbc.co.uk/,1,1,0,1,1,0,0,0,0,
https://raspberrypi.org/,1,0,1,1,0,0,0,0,0,
https://shopping.google.com/,1,1,0,1,0,0,1,0,0,
https://pcworld.com/,1,1,0,1,0,0,0,0,0,
https://healthline.com/,1,1,0,0,0,0,0,0,0,
https://wunderground.com/,1,0,0,1,0,0,0,1,0,
https://unicef.org/,1,0,1,1,0,0,0,0,0,
https://online.wsj.com/,1,1,0,1,0,0,0,0,0,
https://yandex.com/,1,0,1,1,0,0,0,0,0,
https://themeforest.net/,1,0,1,1,1,0,0,0,0,
https://en.gravatar.com/,1,0,1,1,0,0,0,0,0,
https://news.microsoft.com/,1,0,0,0,0,0,0,0,0,
https://www2.deloitte.com/,1,0,0,0,0,0,0,0,0,"Norsk, begrens"
https://en.support.wordpress.com/,1,0,1,1,1,0,0,0,0,
https://metro.co.uk/,1,1,0,1,0,0,0,0,0,
https://amazon.it/,1,0,1,1,0,0,0,0,0,"Blocked on settings, italian"
https://scmp.com/,1,0,1,1,0,0,0,0,0,
https://products.office.com/,1,0,0,0,0,0,0,0,0,
https://developer.chrome.com/,1,0,1,1,0,0,1,0,0,
https://thenation.com/,1,0,0,0,0,0,0,0,0,
https://codecademy.com/,1,1,0,1,1,0,0,0,0,
https://2.gravatar.com/,1,0,1,1,0,0,0,0,0,
https://smithsonianmag.com/,1,0,0,0,0,0,0,0,0,
https://icann.org/,1,0,1,1,0,0,0,0,0,
https://newscientist.com/,1,1,0,1,0,0,0,0,0,
https://au.linkedin.com/,1,0,1,1,0,0,0,0,0,
https://line.me/,0,0,0,0,0,0,0,0,1,User agreement button in banner
https://business.linkedin.com/,1,0,1,1,0,0,0,0,0,
https://express.co.uk,1,1,0,1,0,0,0,0,0,
https://calendly.com/,1,1,0,1,1,0,0,0,0,
https://blog.youtube/,1,0,1,1,0,0,1,0,0,
https://google.com.br/,1,1,0,1,0,0,1,0,0,
https://mandarinoriental.com/,1,1,0,1,1,0,0,0,0,
https://today.com/,1,0,1,1,0,0,0,0,0,
https://kiva.org/,1,1,0,1,0,0,0,0,0,
https://nhs.uk/,1,0,0,0,0,0,0,1,0,"""Do not use"""
https://discordapp.com/,1,1,0,1,0,0,0,0,0,
https://siteground.com/,1,0,0,0,0,0,0,0,0,
https://smallbusiness.withgoogle.com/,1,0,1,1,0,0,1,0,0,
https://webmd.com/,1,1,0,1,0,0,0,0,0,
https://ico.org.uk/,1,0,0,0,0,0,0,0,0,
https://visual.ly/,1,0,1,1,0,0,0,0,0,
https://digilander.libero.it/,1,0,0,0,0,0,0,0,0,Italian
https://columbia.edu/,1,0,1,1,0,0,0,0,0,
https://google.at/,1,1,0,1,0,0,1,0,0,
https://accenture.com/,1,1,0,1,0,0,0,0,0,
https://google.fi/,1,1,0,1,0,0,1,0,0,
https://blogs.wsj.com/,1,1,0,1,0,0,0,0,0,
https://sustainability.google/,1,0,1,1,0,0,1,0,0,
https://bostonglobe.com/,0,0,0,0,0,0,0,0,1,
https://wish.com/,1,0,1,1,0,0,0,0,0,
https://grammarly.com/,1,1,0,1,0,0,0,0,0,
https://dictionary.reference.com/,1,0,0,0,0,1,0,0,0,
https://europol.europa.eu/,1,0,0,0,0,0,0,0,0,
https://business2community.com/,0,0,0,0,0,0,0,0,1,
https://phys.org/,1,0,1,1,0,0,0,0,0,
https://blogs.msdn.com/,1,0,0,0,0,0,0,0,0,
https://pnas.org/,1,0,1,1,0,0,0,0,0,
https://journals.plos.org/,1,0,0,0,0,0,0,1,0,
https://techrepublic.com/,1,1,0,1,0,0,0,0,0,
https://chromium.org/,1,0,1,1,0,0,1,0,0,
https://roland.com/,1,1,0,1,0,0,0,0,0,
https://academic.oup.com/,1,0,1,1,1,0,0,0,0,
https://vaticannews.va/,1,0,1,1,0,0,0,0,0,
https://aljazeera.com/,1,0,0,0,0,0,0,0,0,Caught the wrong full length banner
https://youtube-creators.googleblog.com/,1,0,1,1,0,0,1,0,0,
https://people.com/,0,0,0,0,0,0,0,0,1,Notification pop up
https://weebly.com/,1,1,0,1,0,0,0,0,0,
https://help.yahoo.com/,1,0,1,1,0,0,0,0,0,
https://logitech.com/,1,0,0,1,0,0,0,0,0,"Norsk godta, engelsk reject"
https://es.linkedin.com/,1,1,0,1,0,0,0,0,0,
https://google.com.gi/,1,1,0,1,0,0,1,0,0,
https://cancer.org/,1,1,0,1,0,0,0,0,0,
https://zapier.com/,1,1,0,1,0,0,0,0,0,
https://google.cv/,1,1,0,1,0,0,1,0,0,
https://snopes.com/,1,0,0,0,0,0,0,0,0,
https://web.dev/,1,0,1,1,0,0,1,0,0,
https://maps.google.de/,1,1,0,1,0,0,1,0,0,
https://squarespace.com/,1,1,0,1,0,0,0,0,0,
https://developer.yahoo.com/,1,0,1,1,0,0,0,0,0,
https://ubuntu.com/,1,1,0,1,0,0,0,0,0,
https://toucharcade.com/,1,0,0,0,0,0,0,0,0,
https://fitbit.com/,1,1,0,1,0,0,0,0,0,
https://br.linkedin.com/,1,1,0,1,0,0,0,0,0,
https://blogs.microsoft.com/,1,0,0,0,0,0,0,0,0,
https://palwatch.org/,0,0,0,0,0,0,0,0,1,
https://videohive.net/,1,0,1,1,0,0,0,0,0,
https://adage.com/,1,0,0,1,0,0,0,0,0,
https://bigcommerce.com/,1,0,1,1,1,0,0,0,0,
https://news.sky.com/,1,1,0,1,0,0,0,0,0,
https://american.edu/,1,0,1,1,0,0,0,0,0,
https://biblegateway.com/,1,1,0,1,0,0,0,0,0,
https://google.co.id/,1,1,0,1,0,0,1,0,0,
https://thedailybeast.com/,1,0,0,0,0,0,0,0,0,
https://dev.twitter.com/,1,0,0,0,0,0,0,0,0,
https://rackspace.com/,1,0,0,0,0,1,0,0,0,
https://bl.uk/,1,0,1,1,0,0,0,0,0,
https://ca.linkedin.com/,1,0,1,1,0,0,0,0,0,
https://www.hospitalroad.com/,0,0,0,0,0,0,0,0,1,
https://hackaday.com/,1,0,1,1,0,0,0,0,0,
https://pubads.g.doubleclick.net/,1,0,1,1,0,0,1,0,0,
https://android.com/,1,0,1,1,0,0,1,0,0,
https://codecanyon.net/,1,0,1,1,0,0,0,0,0,
https://support.twitter.com/,1,0,1,1,0,0,0,0,0,
https://slides.com/,1,0,1,1,0,0,0,0,0,
https://fbi.gov/,0,0,0,0,0,0,0,0,1,FBI gov page
https://atlasobscura.com/,1,0,0,0,0,0,0,0,0,
https://groups.yahoo.com/,1,0,1,1,0,0,0,0,0,
https://freepik.com/,1,0,1,1,0,0,0,0,0,
https://vidyo.com/,1,0,1,1,0,0,0,0,0,Example on often mistaken for choice cascade instead of no choice
https://ajc.org/,1,0,0,0,0,0,0,0,0,
https://junodownload.com/,1,0,1,1,0,0,0,0,0,
https://papers.ssrn.com/,1,1,0,1,1,0,0,0,0,Prechecked cookies example
https://ieeexplore.ieee.org/,1,0,1,1,0,0,0,0,0,
https://mtv.com/,1,0,0,0,0,0,0,0,0,
https://google.com.sl/,1,1,0,1,0,0,1,0,0,
https://security.googleblog.com/,1,0,1,1,0,0,1,0,0,
https://strava.com/,1,0,1,1,0,0,0,0,0,
https://extension.purdue.edu/,1,0,0,0,0,0,1,0,0,
https://google.com.ar/,1,1,0,1,0,0,1,0,0,
https://google.co.il/,1,1,0,1,0,0,1,0,0,
https://eclipse.org/,1,0,0,1,0,1,0,0,0,
https://magisto.com/,1,0,1,1,0,0,0,0,0,
https://google.com.ph/,1,1,0,1,0,0,1,0,0,
https://foodnetwork.com/,1,1,0,1,1,0,0,0,0,
https://google.pt/,1,1,0,1,0,0,1,0,0,
https://blog.chromium.org/,1,0,1,1,0,0,1,0,0,
https://ib.adnxs.com/,1,0,0,0,0,1,0,0,0,
https://google.gr/,1,1,0,1,0,0,1,0,0,
https://amazon.com.br/,0,0,0,0,0,0,0,0,1,"No, portugese error"
https://blog.medium.com/,0,0,0,0,0,0,0,0,1,
https://salon.com/,0,0,0,0,0,0,0,0,1,
https://eonline.com/,1,0,1,1,0,0,0,0,0,
https://google.com.tw/,1,1,0,1,0,0,1,0,0,
https://bespokecardboardboxesco.blogspot.com/,1,0,1,1,0,0,1,0,0,
https://americanexpress.com/,0,0,0,0,0,0,0,0,1,Privacy link
https://google.qualtrics.com/,1,0,0,0,0,0,0,0,0,unique google notice
https://criteo.com/,1,0,0,0,0,0,0,0,0,
https://which.co.uk/,1,1,0,1,0,0,0,0,0,
https://youtube-eng.googleblog.com/,1,0,1,1,0,0,1,0,0,
https://marketingland.com/,1,0,1,1,0,0,0,0,0,
https://search.yahoo.com/,1,0,1,1,0,0,0,0,0,
https://bandsintown.com/,1,0,0,0,0,0,0,0,0,
https://indiatoday.in/,1,0,0,1,0,0,0,0,0,Do not consent
https://sg.linkedin.com/,1,0,1,1,0,0,0,0,0,
https://vidmob.com/,1,1,0,1,0,0,0,0,0,
https://forrester.com/,1,0,1,1,0,0,0,0,0,
https://parler.com/,0,0,0,0,0,0,0,0,1,Fixed privacy link 
https://bmj.com/,1,0,1,1,1,0,0,0,0,
https://google.no/,1,1,0,1,0,0,1,0,0,
https://xing.com/,1,0,1,1,0,0,0,0,0,
https://guiahub.com/,0,0,0,0,0,0,0,0,1,Portugese button size trigger i think
https://fonkstra.com/,0,0,0,0,0,0,0,0,1,"Same spam site as above, see privacy link bottom"
https://www.uci.org/,1,0,0,0,1,0,0,0,0,
https://newsweek.com/,1,1,0,1,0,0,0,0,0,
https://intel.com/,1,0,0,0,0,0,0,0,0,
https://ssl.google-analytics.com/,1,0,1,1,0,0,1,0,0,
https://campaignmonitor.com/,1,0,0,1,0,1,0,0,0,
https://thelancet.com/,1,1,0,1,0,0,0,0,0,
https://google.hu/,1,1,0,1,0,0,1,0,0,
https://radio-canada.ca/,1,0,1,1,0,0,0,0,0,French
https://peninsula.com/,1,1,0,1,0,0,0,0,0,
https://makezine.com/,0,0,0,0,0,0,0,0,1,
https://bandzone.cz/,1,1,0,1,0,0,0,0,0,Polish
https://observer.com/,1,1,0,1,1,0,0,0,0,
https://joystickinteractive.com/,1,0,0,0,0,0,0,0,0,"intresting, behind popup"
https://timesofindia.indiatimes.com/,1,0,1,1,0,0,0,0,0,
https://elle.com/,1,1,0,1,0,0,0,0,0,
https://econsultancy.com/,1,1,0,1,0,0,0,0,0,Changed alot since scraping
https://onedrive.live.com/,1,0,0,0,0,0,0,0,0,
https://asana.com/,1,1,0,1,1,0,0,0,0,
https://google.ro/,1,1,0,1,0,0,1,0,0,
https://constantcontact.com/,1,1,0,1,0,0,0,0,0,
https://pixlr.com/,1,0,1,1,0,0,0,0,0,
https://abbyy.com/,1,0,0,0,0,0,0,1,0,Use neceasary
https://computerworld.com/,1,0,1,1,0,0,0,0,0,
https://edx.org/,1,0,1,1,0,0,0,0,0,Captchaed slightly
https://help.twitter.com/,1,0,1,1,0,0,0,0,0,
https://google.cl/,1,1,0,1,0,0,1,0,0,
https://material.io/,1,0,1,1,0,0,1,0,0,
https://dl.acm.org/,1,1,0,1,1,0,0,0,0,
https://songkick.com/,1,1,0,1,0,0,0,0,0,
https://popsugar.com/,1,0,0,0,0,0,0,0,0,
https://tools.pingdom.com/,0,0,0,0,0,0,0,0,1,Cookie poilicy link
https://bombardier.com/,1,1,0,1,0,0,0,0,0,
https://it.youtube.com/,1,1,0,1,0,0,1,0,0,
https://buffer.com/,1,0,1,1,0,0,0,0,0,
https://designboom.com/,1,0,1,1,1,0,0,0,0,
https://flaticon.com/,1,1,0,1,0,0,0,0,0,
https://state.gov/,0,0,0,0,0,0,0,0,1,State gov site with cookie policy link at bottom
https://chinadaily.com.cn/,0,0,0,0,0,0,0,,1,"China website, unknown why it triggered"
https://technet.microsoft.com/,1,0,0,0,0,0,0,0,0,
https://cosmopolitan.com/,1,1,0,1,0,0,0,0,0,
https://cambridge.org/,1,1,0,1,0,0,0,0,0,
https://google.be/,1,1,0,1,0,0,1,0,0,
https://esquire.com/,1,1,0,1,0,0,0,0,0,
https://notion.so/,1,1,0,1,0,0,0,0,0,
https://google.com.mx/,1,1,0,1,0,0,1,0,0,
https://dk.linkedin.com/,1,0,1,1,0,0,0,0,0,Dansk
https://patronite.pl/,1,1,0,1,0,0,0,0,0,Polsk
https://blogs.msdn.microsoft.com/,1,0,0,0,0,0,0,0,0,
https://ucl.ac.uk/,1,1,0,1,0,0,0,0,0,
https://google.com.hk/,1,1,0,1,0,0,1,0,0,
https://answers.microsoft.com/,1,0,0,0,0,0,0,0,0,
https://qualtrics.com/,1,0,0,0,0,0,0,0,0,
https://hrw.org/,1,1,0,1,1,0,0,0,0,
https://larouchepub.com/,0,0,0,0,0,0,0,0,1,
https://artists.youtube.com/,1,0,1,1,0,0,1,0,0,
https://depositfiles.com/,1,0,1,1,0,0,0,0,0,example of notice that will not show up if not a policy link checker
https://dictionary.com/,1,0,0,0,0,1,0,0,0,
https://dol.gov/,0,0,0,0,0,0,0,0,1,Gov site with privacy link at bottom
https://get.google.com/,1,1,0,1,0,0,1,0,0,
https://lynda.com/,1,1,0,1,0,0,0,0,0,
https://metoffice.gov.uk/,1,1,0,1,0,0,0,0,0,
https://idfa.nl/,1,0,0,0,0,0,0,0,0,
https://penguinrandomhouse.com/,1,0,0,0,0,0,0,0,0,
https://adme.ru/,1,0,1,1,0,0,0,0,0,
https://flipboard.com/,1,1,0,1,0,0,0,0,0,
https://cbs.com/,1,0,0,0,0,0,0,0,0,
https://packtpub.com/,1,1,0,1,0,0,0,0,0,
https://hotjar.com/,1,1,0,1,0,0,0,0,0,
https://seekingalpha.com/,0,0,0,0,0,0,0,0,1,Banner at bottom with link
https://cio.com/,1,1,0,1,0,0,0,0,0,Clicks wrong settings button
https://worldnetdaily.com/,0,0,0,0,0,0,0,0,1,
https://news.nationalgeographic.com/,1,0,1,1,0,0,0,0,0,
https://sophos.com/,1,1,0,1,0,0,0,0,0,
https://nexternal.com/,1,0,1,1,0,0,0,0,0,
https://nottingham.ac.uk/,1,0,1,1,0,0,0,0,0,
https://takingcareofmyliver.com/,0,0,0,0,0,0,0,0,1,US with cookie policy link on top
https://cabriworld.net/,0,0,0,0,0,0,0,0,1,Same as above but with link at bottom
https://weheartit.com/,1,0,1,1,0,0,0,0,0,
https://espn.go.com/,1,0,1,1,0,0,0,0,0,
https://csmonitor.com/,1,0,1,1,0,0,0,0,0,
https://google.co.nz/,1,1,0,1,0,0,1,0,0,
https://fr.euronews.com/,1,1,0,1,0,0,0,0,0,French
https://agency.googleblog.com/,1,0,1,1,0,0,1,0,0,
https://yadi.sk/,1,0,1,1,0,0,0,0,0,
https://prnt.sc/,1,0,0,0,0,0,0,0,0,
https://jstor.org/,1,1,0,1,0,0,0,0,0,
https://womenshealthmag.com/,1,1,0,1,0,0,0,0,0,
https://cutt.ly/,1,1,0,1,1,0,0,0,0,
https://akismet.com/,1,0,1,1,0,0,0,0,0,
https://smartsheet.com/,1,0,0,0,0,0,0,1,0,Use essentials
https://blurb.com/,1,0,1,1,0,0,0,0,0,
https://fr.linkedin.com/,1,0,1,1,0,0,0,0,0,french
https://beppegrillo.it/,1,0,1,1,0,0,0,0,0,Italian
https://dell.com/,1,1,0,1,0,0,0,0,0,Write you can click 'rejct all' button but does not have reject all button
https://artsy.net/,1,1,0,1,0,0,0,0,0,
https://google.se/,1,1,0,1,0,0,1,0,0,
https://law360.com/,1,0,0,0,0,0,0,0,0,
https://google.ie/,1,1,0,1,0,0,1,0,0,
https://maps.google.ca/,1,1,0,1,0,0,1,0,0,
https://go.microsoft.com/,1,0,0,0,0,0,0,0,0,
https://recode.net/,1,0,1,1,0,0,0,0,0,
https://motherjones.com/,1,1,0,1,0,0,0,0,0,
https://de.linkedin.com/,1,0,1,1,0,0,0,0,0,
https://iis.net/,1,0,0,0,0,0,0,0,0,microsoft in english
https://fr.youtube.com/,1,1,0,1,0,0,1,0,0,french google  
https://justgiving.com/,1,1,0,1,0,0,0,0,0,
https://insights.sustainability.google/,1,0,1,1,0,0,1,0,0,
https://amp.dev/,1,0,1,1,0,0,1,0,0,
https://wetransfer.com/,1,0,0,0,0,0,0,0,0,Opposite no
https://worldcat.org/,1,0,0,0,1,0,0,0,0,
https://nbc.com/,1,1,0,1,0,0,0,0,0,see screenshot
https://frontiersin.org/,1,1,0,1,0,0,0,0,0,
https://google.com.eg/,1,1,0,1,0,0,1,0,0,
https://seetickets.com/,1,0,1,1,0,0,0,0,0,
https://allthingsd.com/,1,1,0,1,0,0,0,0,0,
https://unity3d.com/,1,0,0,0,0,1,0,0,0,
https://symantec.com/,1,1,0,1,0,0,0,0,0,
https://adameve.com/,1,1,0,1,0,0,0,0,0,
https://oregonlive.com/,0,0,0,0,0,0,0,0,1,
https://icrc.org/,1,0,1,1,0,0,0,0,0,
https://medicalnewstoday.com/,1,0,0,0,0,0,0,0,0,
https://nationaltrust.org.uk/,1,1,0,1,0,0,0,0,0,
https://outbrain.com/,1,0,0,0,0,0,0,0,0,
https://menshealth.com/,1,1,0,1,0,0,0,0,0,
https://duo.com/,1,0,0,0,0,0,0,0,0,
https://xbox.com/,1,0,0,0,0,0,0,0,0,
https://globalnews.ca/,0,0,0,0,0,0,0,0,1,
https://nakedsecurity.sophos.com/,0,0,0,0,0,0,0,0,1,
https://developers.googleblog.com/,1,0,1,1,0,0,1,0,0,
https://biorxiv.org/,1,1,0,1,0,0,0,0,0,
https://tate.org.uk/,1,1,0,1,0,0,0,0,0,
https://mountainroseherbs.com/,0,0,0,0,0,0,0,0,1,
https://lefigaro.fr/,1,0,1,1,0,0,0,0,0,"French, screenshot"
https://mallumalayammasalavdo.blogspot.al/,1,0,1,1,0,0,1,0,0,
https://eventbrite.co.uk/,1,1,0,1,0,0,0,0,0,
https://domain.com/,1,0,0,0,0,0,0,0,0,
https://davewirth.blogspot.com/,1,0,1,1,0,0,0,0,0,
https://newatlas.com/,1,0,0,0,0,0,0,0,0,
https://bonanza.com/,1,0,1,1,0,0,0,0,0,
https://humblebundle.com/,1,1,0,1,0,0,0,0,0,
https://s1.wp.com/,1,1,0,1,0,0,0,0,0,
https://iopscience.iop.org/,1,0,1,1,0,0,0,0,0,
https://producthunt.com/,1,0,0,0,0,0,0,0,0,screenshot
https://arduino.cc/,1,1,0,1,0,0,0,0,0,
https://google.co.kr/,1,1,0,1,0,0,1,0,0,
https://cell.com/,1,1,0,1,1,0,0,0,0,
https://harpersbazaar.com/,1,1,0,1,0,0,0,0,0,
https://ilo.org/,1,0,1,1,0,0,0,0,0,
https://jalopnik.com/,0,0,0,0,0,0,0,0,1,
https://findhorn.org/,1,0,0,0,1,0,0,0,0,Good preticked only example
https://oldvictheatre.com/,1,0,1,1,0,0,0,0,0,
https://assistant.google.com/,1,0,1,1,0,0,1,0,0,
https://www.niemanlab.org/,0,0,0,0,0,0,0,0,1,
https://www.vulture.com/,0,0,0,0,0,0,0,0,1,
https://torinofc.it/,1,0,1,1,0,0,0,0,0,Italian
https://blog.bufferapp.com/,1,0,1,1,0,0,0,0,0,
https://maps.google.co.uk/,1,1,0,1,0,0,1,0,0,
https://thrillist.com/,1,0,0,0,0,0,0,0,0,
https://www.computerhope.com/,0,0,0,0,0,0,0,0,1,
https://axios.com/,0,0,0,0,0,0,0,0,1,
https://psychcentral.com/,1,0,0,0,0,0,0,,0,
https://espn.com/,1,0,1,1,0,0,0,0,0,
https://google.com.ua/,1,1,0,1,0,0,1,0,0,
https://nationalreview.com/,0,0,0,0,0,0,0,0,1,
https://tfl.gov.uk/,1,1,0,1,0,0,0,0,0,
https://forms.office.com/,1,0,0,0,0,0,0,0,0,
https://andaluciainformacion.es/,1,0,0,0,0,0,0,0,0,Spanish
https://planetwaves.net/,0,0,0,0,0,0,0,0,1,
https://gallup.com/,1,0,1,1,1,0,0,0,0,
https://news.softpedia.com/,1,0,1,1,0,0,0,0,0,
https://jamanetwork.com/,1,0,1,1,0,0,0,0,0,
https://imf.org/,0,0,0,0,0,0,0,0,1,full width banner 
https://newyork.cbslocal.com/,1,0,0,0,0,0,0,0,0,
https://earthled.com/,0,0,0,0,0,0,0,0,1,
https://code.visualstudio.com/,1,0,0,0,0,0,0,0,0,
https://mobile.nytimes.com/,1,0,0,0,0,0,0,0,0,
https://redhat.com/,1,0,0,1,0,0,0,1,0,Proceed with required
https://prntscr.com/,1,0,0,0,0,0,0,0,0,
https://runnersworld.com/,1,1,0,1,0,0,0,0,0,
https://edelvives.com/,1,1,0,1,0,0,0,0,0,
https://google.com.co/,1,1,0,1,0,0,1,0,0,
https://hostgator.com/,1,0,0,0,0,0,0,0,0,
https://thewrap.com/,1,1,0,1,0,0,0,0,0,
https://rototomsunsplash.com/,1,1,0,1,0,0,0,0,0,spanish
https://cardmarket.com/,1,1,0,1,0,0,0,0,0,
https://www.cdc.gov/,0,0,0,0,0,0,0,0,1,Gov site
https://apmg-international.com/,1,0,0,1,0,0,0,1,0,Dont accept
https://typescriptlang.org/,1,0,0,0,0,0,0,0,0,
https://uk.reuters.com/,1,0,1,1,0,0,0,0,0,
https://panasonic.com/,1,0,0,0,0,0,0,0,0,
https://bangkokpost.com/,1,0,1,1,0,0,0,0,0,
https://rijksmuseum.nl/,1,0,0,0,0,0,0,0,0,dutch
https://franchising.com/,1,0,1,1,0,0,0,0,0,
https://img-fotki.yandex.ru/,1,0,1,1,0,0,0,0,0,russian
https://slashgear.com/,0,0,0,0,0,0,0,0,1,privacy article
https://www.livemint.com/,0,0,0,0,0,0,0,0,1,Notification pop up
https://join.slack.com/,1,0,0,0,0,0,0,0,0,
https://scienceblogs.com/,0,0,0,0,0,0,0,0,1,
https://blogs.windows.com/,1,0,0,0,0,0,0,0,0,
https://mlive.com/,0,0,0,0,0,0,0,0,1,Subscribe banner
https://fourseasons.com/,1,1,0,1,0,0,0,0,0,
https://warnerbros.com/,1,1,0,1,0,0,0,0,0,
https://office.microsoft.com/,1,0,0,0,0,0,0,0,0,
https://faq.whatsapp.com/,1,0,1,1,0,0,0,0,0,
https://economictimes.indiatimes.com/,1,0,0,0,0,0,0,0,0,Accept?
https://openid.net/,1,0,1,1,0,0,0,0,0,
https://tr.linkedin.com/,1,0,1,1,0,0,0,0,0,Tyrkisk
https://google.dk/,1,1,0,1,0,0,1,0,0,
https://painterartist.com/,1,1,0,1,0,0,0,0,0,
https://tc-helicon.com/,1,0,1,1,0,0,0,0,0,
https://ncaa.com/,1,1,0,1,0,0,0,0,0,
https://matrixsynth.blogspot.com/,1,0,1,1,0,0,1,0,0,
https://api.jquery.com/,0,0,0,0,0,0,0,0,1,
https://google.co.th/,1,1,0,1,0,0,1,0,0,
https://skoda-auto.cz/,1,1,0,1,0,0,0,0,0,Czech
https://hockeytime.net/,1,0,1,1,0,0,0,0,0,italian
https://rtve.es/,1,0,1,1,0,0,0,0,0,Spanish
https://agronotizie.imagelinenetwork.com/,1,0,0,0,0,0,0,0,0,italian
https://nextdoor.com/,1,1,0,1,0,0,0,0,0,
https://computerweekly.com/,1,1,0,1,0,0,0,0,0,
https://sports.yahoo.com/,1,0,1,1,0,0,0,0,0,
https://youtube.co/,1,1,0,1,0,0,1,0,0,
https://freep.com/,1,1,0,1,0,0,0,0,0,
https://getresponse.com/,1,0,1,1,0,0,0,0,0,
https://fontsquirrel.com/,1,1,0,1,0,0,0,0,0,
https://dr.dk/,1,0,0,0,0,0,0,0,0,danish
https://britishmuseum.org/,1,1,0,1,0,0,0,0,0,
https://auth0.com/,1,0,0,0,0,0,0,0,0,Required
https://download.cnet.com/,1,1,0,1,0,0,0,0,0,
https://springer.com/,1,1,0,1,0,0,0,0,0,
https://musicpress.gr/,1,0,1,1,0,0,0,0,0,Unkown language
https://networkworld.com/,1,1,0,1,0,0,0,0,0,
https://grovesnurseries.co.uk/,0,0,0,0,0,0,0,0,1,
https://synack.com/,1,0,1,1,0,0,0,0,0,
https://stonemaiergames.com/,1,0,0,0,0,0,0,0,0,
https://imperial.ac.uk/,1,0,0,0,0,0,0,0,0,Good cmp
https://amnesty.org/,1,1,0,1,0,0,0,0,0,
https://instagr.am/,1,0,0,0,0,0,0,1,0,Only allow
https://blogs.technet.microsoft.com/,1,0,0,0,0,0,0,0,0,
https://gizmag.com/,1,0,0,0,0,0,0,0,0,
https://complex.com/,1,0,1,1,0,0,0,0,0,
https://search.twitter.com/,1,0,0,0,0,0,0,0,0,
https://usmagazine.com/,1,1,0,1,0,0,0,0,0,
https://agoda.com/,1,0,1,1,0,0,0,0,0,
https://google.com.pe/,1,1,0,1,0,0,1,0,0,
https://kcl.ac.uk/,1,1,0,1,0,0,0,0,0,
https://infoq.com/,0,0,0,0,0,0,0,0,1,Subscription banner
https://privacy.google.com/,1,0,1,1,0,0,1,0,0,
https://google.cz/,1,1,0,1,0,0,1,0,0,
https://vr.google.com/,1,0,1,1,0,0,1,0,0,
https://google.ae/,1,1,0,1,0,0,1,0,0,
https://informationweek.com/,1,1,0,1,0,0,0,0,0,
https://www.ikea.com/,1,1,0,1,0,0,0,0,0,
Sum,562,234,181,422,51,13,113,17,69,
,Notices,Choice_cas,No_choice,No_antony,No_preticked,Widget_inequality,Google,Only_allow,False_positive,
%,"0,893481717","0,3720190779","0,2877583466","0,6709062003","0,08108108108","0,02066772655","0,1796502385","0,02702702703","0,1096979332",
,,,,,,,,,,
sum without the FP,561,208,116,362,62,15,,,,